"Deviances","Dof","Model"
159514.273661379,139798,"Residual"
172605.668013008,139805,"NULL"
