"Deviances","Dof","Model"
11131.6056549037,9978,"Residual"
12535.8811482596,9999,"NULL"
