"MPIP","Covariate"
1,"Intercept"
0.240174672489083,"UTR5"
0.737991266375546,"UTR3"
0.978789769182782,"CDS"
0.958827199001872,"Stop_codons"
0.954460386774797,"Start_codons"
0,"m6Am"
0.0199625701809108,"exons"
0.181534622582658,"Last_exons_50bp"
0.11166562694947,"Pos_UTR5"
0.01621958827199,"Pos_UTR3"
0.784154709918902,"Pos_CDS"
0.930754834684966,"Pos_exons"
0.143480973175296,"length_UTR3"
0.0929507174048659,"length_UTR5"
0.96756082345602,"length_CDS"
0.966936993137867,"long_exon"
0.336244541484716,"length_gene_ex"
0.953836556456644,"length_gene_full"
0.935745477230193,"AAACA"
0.95134123518403,"GAACA"
0.555832813474735,"AGACA"
0.299438552713662,"GGACA"
0.429819089207735,"AAACT"
0.202121023081722,"GAACT"
0.0548970679975047,"AGACT"
0.103555832813475,"GGACT"
0.391765439800374,"AAACC"
0.205864004990643,"GAACC"
0.0205864004990643,"AGACC"
0.124142233312539,"GGACC"
0.632563942607611,"struct_hybridize"
0.21085464753587,"struct_loop"
0.0810979413599501,"HNRNPC_eCLIP"
0.00124766063630692,"YTHDC1_TREW"
0.703056768558952,"YTHDF1_TREW"
0,"YTHDF2_TREW"
0.978165938864629,"miR_targeted_genes"
0.976918278228322,"TargetScan"
0.122894572676232,"Verified_miRtargets"
0.0137242669993762,"sncRNA"
0.0374298190892077,"lncRNA"
0,"Isoform_num"
0.909544603867748,"HK_genes"
0.339363693075483,"GC_cont_genes"
0.940112289457268,"GC_cont_101bp"
