"Deviances","Dof","Model"
166210.939408241,128277,"Residual"
166210.939408241,128277,"NULL"
