"Deviances","Dof","Model"
4189.90658098814,10411,"Residual"
13979.9612737519,10449,"NULL"
