"MPIP","Covariate"
1,"Intercept"
0.955631399317406,"UTR5"
0.984300341296928,"UTR3"
0.804095563139932,"CDS"
0.98839590443686,"Stop_codons"
0.979522184300341,"Start_codons"
0.238225255972696,"m6Am"
0.83617747440273,"exons"
0.978839590443686,"Last_exons_50bp"
0.821843003412969,"Pos_UTR5"
0.97679180887372,"Pos_UTR3"
0.981569965870307,"Pos_CDS"
0.987030716723549,"Pos_exons"
0.926279863481229,"length_UTR3"
0.286689419795222,"length_UTR5"
0.877815699658703,"length_CDS"
0.996587030716723,"long_exon"
0.626621160409556,"length_gene_ex"
0.86962457337884,"length_gene_full"
0.755631399317406,"AAACA"
0.490784982935154,"GAACA"
0.476450511945393,"AGACA"
0.97542662116041,"GGACA"
0.916723549488055,"AAACT"
0.875767918088737,"GAACT"
0.916040955631399,"AGACT"
0.989078498293515,"GGACT"
0.43481228668942,"AAACC"
0.303754266211604,"GAACC"
0.257337883959044,"AGACC"
0.906484641638225,"GGACC"
0.929692832764505,"PC_1nt"
0.277133105802048,"PC_101nt"
0.822525597269625,"FC_1nt"
0.866894197952218,"FC_101nt"
0.326962457337884,"struct_hybridize"
0.721501706484642,"struct_loop"
0.15221843003413,"HNRNPC_eCLIP"
0.866894197952218,"YTHDC1_TREW"
0.96382252559727,"YTHDF1_TREW"
0.86962457337884,"YTHDF2_TREW"
0.103071672354949,"miR_targeted_genes"
0.316723549488055,"TargetScan"
0.252559726962457,"Verified_miRtargets"
0.221160409556314,"sncRNA"
0.139249146757679,"lncRNA"
0.868941979522184,"Isoform_num"
0.221160409556314,"HK_genes"
0.673720136518771,"GC_cont_genes"
0.891467576791809,"GC_cont_101bp"
