"Deviances","Dof","Model"
13288.5159023275,9726,"Residual"
13306.7908017767,9728,"NULL"
