"Deviances","Dof","Model"
181044.829301313,131641,"Residual"
181044.829301313,131641,"NULL"
