"","Estimate","z.statistics","pvalue","Bf_adj_p"
"(Intercept)",-0.313561424106344,-13.7839504814405,3.18362851726976e-43,9.55088555180929e-43
"YTHDF1_TREWTRUE",0.00104040655555612,0.00659354305310665,0.994739151916027,1
"GC_cont_genes",-0.10294561761749,-4.26295292017428,2.0174303574192e-05,6.05229107225759e-05
