"Deviances","Dof","Model"
193720.893775532,139805,"Residual"
193720.893775533,139805,"NULL"
