"Deviances","Dof","Model"
13824.8202872637,9997,"Residual"
13847.0990265757,9999,"NULL"
