"","Estimate","z.statistics","pvalue","Bf_adj_p"
"(Intercept)",0.0511391337002799,9.55750051572684,1.2063490482613e-21,1.2063490482613e-21
