"","Estimate","z.statistics","pvalue","Bf_adj_p"
"(Intercept)",0.0914737955549241,3.6927432204161,0.000221847997467934,0.000665543992403802
"Stop_codonsTRUE",0.00641196900247808,0.150727084771133,0.880191006762216,1
"length_gene_full",-0.100420134862349,-4.68335841530492,2.8221241089955e-06,8.46637232698651e-06
