"Deviances","Dof","Model"
13557.2273967901,9998,"Residual"
13557.2291180623,9999,"NULL"
