"Deviances","Dof","Model"
191119.920165876,139805,"Residual"
191119.920165877,139805,"NULL"
