"","Estimate","z.statistics","pvalue","Bf_adj_p"
"(Intercept)",0.352439687974815,17.334781920101,2.57040163971879e-67,5.14080327943757e-67
"Isoform_num",-0.000822033808913123,-0.0414899307148686,0.966905320068943,1
