"Deviances","Dof","Model"
171794.165614641,131932,"Residual"
181687.821503427,131936,"NULL"
