"Deviances","Dof","Model"
8816.04494598553,9723,"Residual"
13398.1504384294,9735,"NULL"
