"MPIP","Covariate"
1,"Intercept"
0.0962139631816603,"UTR5"
0.267801319902744,"UTR3"
0.980896144494616,"CDS"
0.164987843001042,"Stop_codons"
0.10142410559222,"Start_codons"
0.00868357068426537,"m6Am"
0.11323376172282,"exons"
0.218825981243487,"Last_exons_50bp"
0.0482806530045155,"Pos_UTR5"
0.0163251128864189,"Pos_UTR3"
0.998263285863147,"Pos_CDS"
0.908301493574158,"Pos_exons"
0.0406391108023619,"length_UTR3"
0.0753733935394234,"length_UTR5"
0.981938172976728,"length_CDS"
0.953803403959708,"long_exon"
0.0899617922889892,"length_gene_ex"
0.987843001042028,"length_gene_full"
0.271969433831191,"AAACA"
0.0593956234803751,"GAACA"
0.0430705105939562,"AGACA"
0.0545328238971865,"GGACA"
0.00555748523792984,"AAACT"
0.0371656825286558,"GAACT"
0.0639110802361931,"AGACT"
0.144147273358805,"GGACT"
0.00729419937478291,"AAACC"
0.0427231677665856,"GAACC"
0.0177144841959014,"AGACC"
0,"GGACC"
0.0253560263980549,"struct_hybridize"
0.0173671413685307,"struct_loop"
0.00590482806530045,"HNRNPC_eCLIP"
0.0246613407433137,"YTHDC1_TREW"
0.098298020145884,"YTHDF1_TREW"
0.0131990274400834,"YTHDF2_TREW"
0.941646405001737,"miR_targeted_genes"
0.334143799930531,"TargetScan"
0.0993400486279958,"Verified_miRtargets"
0.0375130253560264,"sncRNA"
0.00382077110107676,"lncRNA"
0.987843001042028,"Isoform_num"
0.986800972559917,"HK_genes"
0.888502952414033,"GC_cont_genes"
0.993053143452588,"GC_cont_101bp"
