"","Estimate","z.statistics","pvalue","Bf_adj_p"
"(Intercept)",-0.548314570069494,-75.2062324203709,0,0
"Start_codonsTRUE",1.15466016953591,89.3399591635352,0,0
"Last_exons_50bpTRUE",-0.215258317733779,-7.28452680485398,3.22801293568889e-13,1.61400646784444e-12
"struct_loopTRUE",-0.137684156644085,-7.19111910254314,6.42623920993942e-13,3.21311960496971e-12
"GC_cont_101bp",-0.196587629008112,-32.7062376815888,1.27332333609727e-234,6.36661668048633e-234
